Brand,Car_Age,EngineSize,Horsepower,Mileage,Price
Toyota,6,1.8,140,45000,650
Honda,5,2.0,155,30000,780
Mazda,7,1.5,120,60000,520
Ford,4,2.0,160,35000,720
Hyundai,8,1.6,125,85000,450
Kia,3,2.0,170,20000,850
Mercedes,5,2.5,190,40000,1100
BMW,6,2.0,180,55000,950
Toyota,9,1.5,110,100000,380
Honda,4,1.8,145,50000,600
Mazda,2,2.5,200,15000,900
Ford,7,1.6,130,70000,550
Hyundai,10,1.4,105,120000,300
Kia,6,1.8,135,65000,470
Mercedes,3,2.0,210,25000,1000
BMW,8,2.5,185,80000,700
Toyota,5,1.5,115,45000,560
Honda,7,2.0,150,90000,620
Mazda,4,2.0,160,30000,680
Ford,9,1.4,105,110000,350
Hyundai,6,1.6,120,75000,420
Kia,5,1.8,140,50000,500
Mercedes,10,2.4,220,95000,850
BMW,3,2.0,175,25000,780
Toyota,8,1.5,115,70000,480
Honda,2,2.0,155,18000,720
Mazda,7,1.6,125,65000,500
Ford,4,2.0,165,40000,650
Hyundai,9,1.4,100,105000,330
Kia,6,1.8,135,60000,460
Mercedes,5,2.5,200,35000,1050
BMW,11,1.6,130,130000,430
Toyota,3,2.0,170,28000,750
Honda,4,1.5,120,55000,590
Mazda,8,1.8,145,80000,480
Ford,7,2.0,160,45000,570
Hyundai,10,1.4,105,115000,280
Kia,2,2.5,195,22000,950
Mercedes,6,2.0,175,50000,800
BMW,9,1.6,115,90000,400
Toyota,5,1.8,140,40000,530
Honda,8,2.0,180,75000,700
Mazda,3,1.5,125,35000,610
Ford,11,1.4,100,140000,250
Hyundai,7,1.6,130,65000,390
Kia,4,2.0,165,30000,680
Mercedes,10,2.4,215,100000,920
BMW,2,2.0,185,18000,740
Toyota,9,1.5,120,85000,420
Honda,6,1.8,145,55000,550